rank	10	round	0	op	1	rows	1	gpu_event_us	3153.6	submit_wall_us	3141.5	completion_wall_us	3157.8	max_rel	0.043478	nonzero	6144	exact	4
rank	6	round	0	op	1	rows	1	gpu_event_us	5718.1	submit_wall_us	5638.4	completion_wall_us	5721.7	max_rel	0.040201	nonzero	6144	exact	4
rank	13	round	0	op	1	rows	1	gpu_event_us	5039.2	submit_wall_us	4933.2	completion_wall_us	6094.9	max_rel	0.041885	nonzero	6144	exact	4
rank	3	round	0	op	1	rows	1	gpu_event_us	5070.8	submit_wall_us	5040.3	completion_wall_us	6130.5	max_rel	0.040404	nonzero	6144	exact	4
rank	14	round	0	op	1	rows	1	gpu_event_us	5340.2	submit_wall_us	5204.6	completion_wall_us	6400.1	max_rel	0.043478	nonzero	6144	exact	4
rank	9	round	0	op	1	rows	1	gpu_event_us	5347.0	submit_wall_us	5233.0	completion_wall_us	6405.6	max_rel	0.040404	nonzero	6144	exact	4
rank	7	round	0	op	1	rows	1	gpu_event_us	5542.3	submit_wall_us	5431.6	completion_wall_us	6598.6	max_rel	0.040201	nonzero	6144	exact	4
rank	0	round	0	op	1	rows	1	gpu_event_us	5510.6	submit_wall_us	5364.9	completion_wall_us	6574.7	max_rel	0.040404	nonzero	6144	exact	4
rank	8	round	0	op	1	rows	1	gpu_event_us	5737.2	submit_wall_us	5620.6	completion_wall_us	6792.8	max_rel	0.040201	nonzero	6144	exact	4
rank	11	round	0	op	1	rows	1	gpu_event_us	5745.8	submit_wall_us	5699.5	completion_wall_us	6808.0	max_rel	0.041885	nonzero	6144	exact	4
rank	15	round	0	op	1	rows	1	gpu_event_us	7705.3	submit_wall_us	7682.7	completion_wall_us	7701.7	max_rel	0.041885	nonzero	6144	exact	4
rank	2	round	0	op	1	rows	1	gpu_event_us	8197.5	submit_wall_us	8088.2	completion_wall_us	9255.1	max_rel	0.040404	nonzero	6144	exact	4
rank	5	round	0	op	1	rows	1	gpu_event_us	25240.0	submit_wall_us	23924.4	completion_wall_us	25244.8	max_rel	0.040404	nonzero	6144	exact	4
rank	4	round	0	op	1	rows	1	gpu_event_us	23327.0	submit_wall_us	23226.5	completion_wall_us	24386.5	max_rel	0.040404	nonzero	6144	exact	4
rank	12	round	0	op	1	rows	1	gpu_event_us	23222.3	submit_wall_us	23154.7	completion_wall_us	24283.5	max_rel	0.040201	nonzero	6144	exact	4
rank	1	round	0	op	1	rows	1	gpu_event_us	8009.1	submit_wall_us	7991.5	completion_wall_us	9064.1	max_rel	0.040404	nonzero	6144	exact	4
rank	10	round	1	op	1	rows	2	gpu_event_us	2314.8	submit_wall_us	2304.5	completion_wall_us	2318.0	max_rel	0.041885	nonzero	12288	exact	1
rank	5	round	1	op	1	rows	2	gpu_event_us	2948.7	submit_wall_us	2851.0	completion_wall_us	2952.7	max_rel	0.041885	nonzero	12288	exact	1
rank	7	round	1	op	1	rows	2	gpu_event_us	1933.4	submit_wall_us	1861.7	completion_wall_us	1937.3	max_rel	0.041885	nonzero	12288	exact	1
rank	6	round	1	op	1	rows	2	gpu_event_us	3815.4	submit_wall_us	3718.2	completion_wall_us	4876.5	max_rel	0.041885	nonzero	12288	exact	1
rank	13	round	1	op	1	rows	2	gpu_event_us	2966.2	submit_wall_us	2861.1	completion_wall_us	2969.8	max_rel	0.041885	nonzero	12288	exact	1
rank	2	round	1	op	1	rows	2	gpu_event_us	2022.3	submit_wall_us	2003.8	completion_wall_us	3078.2	max_rel	0.041885	nonzero	12288	exact	1
rank	8	round	1	op	1	rows	2	gpu_event_us	2107.8	submit_wall_us	2097.9	completion_wall_us	3165.5	max_rel	0.041885	nonzero	12288	exact	1
rank	3	round	1	op	1	rows	2	gpu_event_us	3978.4	submit_wall_us	3786.3	completion_wall_us	5038.4	max_rel	0.041885	nonzero	12288	exact	1
rank	14	round	1	op	1	rows	2	gpu_event_us	3987.0	submit_wall_us	3911.2	completion_wall_us	5053.3	max_rel	0.041885	nonzero	12288	exact	1
rank	4	round	1	op	1	rows	2	gpu_event_us	3982.7	submit_wall_us	3922.2	completion_wall_us	5121.5	max_rel	0.041885	nonzero	12288	exact	1
rank	0	round	1	op	1	rows	2	gpu_event_us	3965.3	submit_wall_us	3870.4	completion_wall_us	4989.4	max_rel	0.041885	nonzero	12288	exact	1
rank	1	round	1	op	1	rows	2	gpu_event_us	4152.5	submit_wall_us	4045.6	completion_wall_us	5214.7	max_rel	0.041885	nonzero	12288	exact	1
rank	11	round	1	op	1	rows	2	gpu_event_us	4819.0	submit_wall_us	4661.0	completion_wall_us	4816.2	max_rel	0.043478	nonzero	12288	exact	1
rank	12	round	1	op	1	rows	2	gpu_event_us	4212.3	submit_wall_us	4072.3	completion_wall_us	5274.9	max_rel	0.043478	nonzero	12288	exact	1
rank	15	round	1	op	1	rows	2	gpu_event_us	5880.8	submit_wall_us	5777.6	completion_wall_us	6957.6	max_rel	0.043478	nonzero	12288	exact	1
rank	9	round	1	op	1	rows	2	gpu_event_us	9740.8	submit_wall_us	9542.7	completion_wall_us	10804.1	max_rel	0.041885	nonzero	12288	exact	1
rank	2	round	2	op	1	rows	4	gpu_event_us	2347.1	submit_wall_us	2239.7	completion_wall_us	2350.6	max_rel	0.041885	nonzero	24576	exact	8
rank	9	round	2	op	1	rows	4	gpu_event_us	2779.6	submit_wall_us	2647.2	completion_wall_us	2783.5	max_rel	0.041885	nonzero	24576	exact	8
rank	1	round	2	op	1	rows	4	gpu_event_us	1904.9	submit_wall_us	1790.6	completion_wall_us	2960.2	max_rel	0.041885	nonzero	24576	exact	8
rank	0	round	2	op	1	rows	4	gpu_event_us	2125.3	submit_wall_us	2069.3	completion_wall_us	2128.9	max_rel	0.041885	nonzero	24576	exact	8
rank	3	round	2	op	1	rows	4	gpu_event_us	2570.7	submit_wall_us	2449.0	completion_wall_us	2574.1	max_rel	0.041885	nonzero	24576	exact	8
rank	7	round	2	op	1	rows	4	gpu_event_us	2236.4	submit_wall_us	2142.5	completion_wall_us	2239.8	max_rel	0.041885	nonzero	24576	exact	8
rank	8	round	2	op	1	rows	4	gpu_event_us	2565.8	submit_wall_us	2498.3	completion_wall_us	2569.0	max_rel	0.041885	nonzero	24576	exact	8
rank	11	round	2	op	1	rows	4	gpu_event_us	2225.4	submit_wall_us	2170.0	completion_wall_us	2229.2	max_rel	0.041711	nonzero	24576	exact	8
rank	14	round	2	op	1	rows	4	gpu_event_us	2291.4	submit_wall_us	2223.8	completion_wall_us	2294.7	max_rel	0.041885	nonzero	24576	exact	8
rank	5	round	2	op	1	rows	4	gpu_event_us	2566.3	submit_wall_us	2529.0	completion_wall_us	2571.3	max_rel	0.041885	nonzero	24576	exact	8
rank	10	round	2	op	1	rows	4	gpu_event_us	2427.2	submit_wall_us	2356.5	completion_wall_us	2430.4	max_rel	0.041885	nonzero	24576	exact	8
rank	15	round	2	op	1	rows	4	gpu_event_us	2664.4	submit_wall_us	2570.6	completion_wall_us	3672.2	max_rel	0.041711	nonzero	24576	exact	8
rank	12	round	2	op	1	rows	4	gpu_event_us	2377.9	submit_wall_us	2339.8	completion_wall_us	3436.3	max_rel	0.041711	nonzero	24576	exact	8
rank	13	round	2	op	1	rows	4	gpu_event_us	1980.0	submit_wall_us	1884.0	completion_wall_us	3035.4	max_rel	0.041885	nonzero	24576	exact	8
rank	6	round	2	op	1	rows	4	gpu_event_us	2295.6	submit_wall_us	2237.1	completion_wall_us	2299.2	max_rel	0.041885	nonzero	24576	exact	8
rank	4	round	2	op	1	rows	4	gpu_event_us	2532.0	submit_wall_us	2453.0	completion_wall_us	3590.6	max_rel	0.041885	nonzero	24576	exact	8
rank	10	round	3	op	1	rows	8	gpu_event_us	857.8	submit_wall_us	746.8	completion_wall_us	860.1	max_rel	0.043478	nonzero	49152	exact	10
rank	6	round	3	op	1	rows	8	gpu_event_us	1863.6	submit_wall_us	1856.1	completion_wall_us	1868.4	max_rel	0.041885	nonzero	49152	exact	10
rank	0	round	3	op	1	rows	8	gpu_event_us	1815.3	submit_wall_us	1795.7	completion_wall_us	1822.9	max_rel	0.043478	nonzero	49152	exact	10
rank	8	round	3	op	1	rows	8	gpu_event_us	1931.8	submit_wall_us	1817.1	completion_wall_us	1941.8	max_rel	0.043478	nonzero	49152	exact	10
rank	7	round	3	op	1	rows	8	gpu_event_us	1938.9	submit_wall_us	1922.9	completion_wall_us	1948.1	max_rel	0.041885	nonzero	49152	exact	10
rank	9	round	3	op	1	rows	8	gpu_event_us	2094.8	submit_wall_us	2084.1	completion_wall_us	2106.3	max_rel	0.043478	nonzero	49152	exact	10
rank	4	round	3	op	1	rows	8	gpu_event_us	1755.9	submit_wall_us	1748.8	completion_wall_us	2816.2	max_rel	0.043478	nonzero	49152	exact	10
rank	1	round	3	op	1	rows	8	gpu_event_us	1724.1	submit_wall_us	1715.9	completion_wall_us	2780.8	max_rel	0.043478	nonzero	49152	exact	10
rank	2	round	3	op	1	rows	8	gpu_event_us	1747.5	submit_wall_us	1737.0	completion_wall_us	2803.7	max_rel	0.043478	nonzero	49152	exact	10
rank	3	round	3	op	1	rows	8	gpu_event_us	1826.2	submit_wall_us	1817.0	completion_wall_us	2850.2	max_rel	0.043478	nonzero	49152	exact	10
rank	13	round	3	op	1	rows	8	gpu_event_us	1756.4	submit_wall_us	1749.9	completion_wall_us	2815.1	max_rel	0.043478	nonzero	49152	exact	10
rank	11	round	3	op	1	rows	8	gpu_event_us	1774.4	submit_wall_us	1777.2	completion_wall_us	2831.3	max_rel	0.043478	nonzero	49152	exact	10
rank	15	round	3	op	1	rows	8	gpu_event_us	1794.7	submit_wall_us	1782.6	completion_wall_us	2847.4	max_rel	0.043478	nonzero	49152	exact	10
rank	12	round	3	op	1	rows	8	gpu_event_us	1764.4	submit_wall_us	1754.0	completion_wall_us	2823.7	max_rel	0.043478	nonzero	49152	exact	10
rank	5	round	3	op	1	rows	8	gpu_event_us	1705.7	submit_wall_us	1689.0	completion_wall_us	2761.4	max_rel	0.043478	nonzero	49152	exact	10
rank	14	round	3	op	1	rows	8	gpu_event_us	2081.6	submit_wall_us	2072.8	completion_wall_us	3139.8	max_rel	0.043478	nonzero	49152	exact	10
rank	8	round	4	op	1	rows	1	gpu_event_us	714.9	submit_wall_us	610.3	completion_wall_us	711.9	max_rel	0.041885	nonzero	6144	exact	2
rank	5	round	4	op	1	rows	1	gpu_event_us	1383.3	submit_wall_us	1369.7	completion_wall_us	1385.3	max_rel	0.041885	nonzero	6144	exact	2
rank	12	round	4	op	1	rows	1	gpu_event_us	1444.0	submit_wall_us	1421.9	completion_wall_us	1443.7	max_rel	0.042294	nonzero	6144	exact	2
rank	15	round	4	op	1	rows	1	gpu_event_us	1293.1	submit_wall_us	1287.0	completion_wall_us	1296.1	max_rel	0.041885	nonzero	6144	exact	2
rank	13	round	4	op	1	rows	1	gpu_event_us	1565.2	submit_wall_us	1530.9	completion_wall_us	1572.0	max_rel	0.041885	nonzero	6144	exact	2
rank	7	round	4	op	1	rows	1	gpu_event_us	1427.5	submit_wall_us	1421.1	completion_wall_us	1433.9	max_rel	0.041885	nonzero	6144	exact	2
rank	4	round	4	op	1	rows	1	gpu_event_us	1259.0	submit_wall_us	1244.5	completion_wall_us	1264.6	max_rel	0.041885	nonzero	6144	exact	2
rank	1	round	4	op	1	rows	1	gpu_event_us	1484.6	submit_wall_us	1465.7	completion_wall_us	1486.4	max_rel	0.041885	nonzero	6144	exact	2
rank	9	round	4	op	1	rows	1	gpu_event_us	1559.7	submit_wall_us	1553.1	completion_wall_us	1564.1	max_rel	0.041885	nonzero	6144	exact	2
rank	0	round	4	op	1	rows	1	gpu_event_us	1519.3	submit_wall_us	1508.3	completion_wall_us	1522.3	max_rel	0.041885	nonzero	6144	exact	2
rank	10	round	4	op	1	rows	1	gpu_event_us	1768.3	submit_wall_us	1752.9	completion_wall_us	1771.6	max_rel	0.041885	nonzero	6144	exact	2
rank	3	round	4	op	1	rows	1	gpu_event_us	1121.4	submit_wall_us	1108.3	completion_wall_us	2181.5	max_rel	0.041885	nonzero	6144	exact	2
rank	6	round	4	op	1	rows	1	gpu_event_us	1236.4	submit_wall_us	1219.6	completion_wall_us	2291.6	max_rel	0.041885	nonzero	6144	exact	2
rank	2	round	4	op	1	rows	1	gpu_event_us	1257.9	submit_wall_us	1244.2	completion_wall_us	2314.5	max_rel	0.041885	nonzero	6144	exact	2
rank	14	round	4	op	1	rows	1	gpu_event_us	1394.3	submit_wall_us	1384.1	completion_wall_us	2434.8	max_rel	0.042294	nonzero	6144	exact	2
rank	11	round	4	op	1	rows	1	gpu_event_us	1594.7	submit_wall_us	1583.2	completion_wall_us	2648.0	max_rel	0.041885	nonzero	6144	exact	2
rank	11	round	5	op	1	rows	2	gpu_event_us	1191.4	submit_wall_us	1190.7	completion_wall_us	1202.8	max_rel	0.040315	nonzero	12288	exact	2
rank	4	round	5	op	1	rows	2	gpu_event_us	1243.8	submit_wall_us	1231.3	completion_wall_us	1252.3	max_rel	0.040315	nonzero	12288	exact	2
rank	13	round	5	op	1	rows	2	gpu_event_us	1169.8	submit_wall_us	1163.3	completion_wall_us	1176.3	max_rel	0.040201	nonzero	12288	exact	2
rank	7	round	5	op	1	rows	2	gpu_event_us	1298.9	submit_wall_us	1279.4	completion_wall_us	1306.1	max_rel	0.040315	nonzero	12288	exact	2
rank	1	round	5	op	1	rows	2	gpu_event_us	1132.7	submit_wall_us	1120.3	completion_wall_us	1136.2	max_rel	0.040315	nonzero	12288	exact	2
rank	5	round	5	op	1	rows	2	gpu_event_us	1287.3	submit_wall_us	1273.2	completion_wall_us	1290.3	max_rel	0.040315	nonzero	12288	exact	2
rank	9	round	5	op	1	rows	2	gpu_event_us	1388.4	submit_wall_us	1371.6	completion_wall_us	1390.6	max_rel	0.040315	nonzero	12288	exact	2
rank	0	round	5	op	1	rows	2	gpu_event_us	1290.5	submit_wall_us	1279.2	completion_wall_us	1293.3	max_rel	0.040315	nonzero	12288	exact	2
rank	15	round	5	op	1	rows	2	gpu_event_us	1285.8	submit_wall_us	1280.0	completion_wall_us	1289.1	max_rel	0.040315	nonzero	12288	exact	2
rank	8	round	5	op	1	rows	2	gpu_event_us	1244.3	submit_wall_us	1235.4	completion_wall_us	1247.6	max_rel	0.040315	nonzero	12288	exact	2
rank	2	round	5	op	1	rows	2	gpu_event_us	1180.0	submit_wall_us	1177.0	completion_wall_us	2192.6	max_rel	0.040315	nonzero	12288	exact	2
rank	6	round	5	op	1	rows	2	gpu_event_us	1035.8	submit_wall_us	1028.8	completion_wall_us	2053.9	max_rel	0.040315	nonzero	12288	exact	2
rank	3	round	5	op	1	rows	2	gpu_event_us	1171.3	submit_wall_us	1167.6	completion_wall_us	2233.5	max_rel	0.040315	nonzero	12288	exact	2
rank	10	round	5	op	1	rows	2	gpu_event_us	1262.4	submit_wall_us	1254.2	completion_wall_us	2318.6	max_rel	0.043478	nonzero	12288	exact	2
rank	12	round	5	op	1	rows	2	gpu_event_us	1244.5	submit_wall_us	1243.1	completion_wall_us	2314.4	max_rel	0.040315	nonzero	12288	exact	2
rank	14	round	5	op	1	rows	2	gpu_event_us	1465.1	submit_wall_us	1457.3	completion_wall_us	2525.7	max_rel	0.043478	nonzero	12288	exact	2
rank	13	round	6	op	1	rows	4	gpu_event_us	513.6	submit_wall_us	501.3	completion_wall_us	516.4	max_rel	0.042511	nonzero	24576	exact	10
rank	4	round	6	op	1	rows	4	gpu_event_us	734.6	submit_wall_us	721.9	completion_wall_us	734.6	max_rel	0.042511	nonzero	24576	exact	10
rank	15	round	6	op	1	rows	4	gpu_event_us	619.6	submit_wall_us	612.6	completion_wall_us	622.2	max_rel	0.043189	nonzero	24576	exact	10
rank	2	round	6	op	1	rows	4	gpu_event_us	766.1	submit_wall_us	772.2	completion_wall_us	783.2	max_rel	0.042511	nonzero	24576	exact	10
rank	14	round	6	op	1	rows	4	gpu_event_us	789.0	submit_wall_us	779.9	completion_wall_us	789.9	max_rel	0.042511	nonzero	24576	exact	10
rank	10	round	6	op	1	rows	4	gpu_event_us	813.8	submit_wall_us	799.9	completion_wall_us	820.0	max_rel	0.042511	nonzero	24576	exact	10
rank	1	round	6	op	1	rows	4	gpu_event_us	729.5	submit_wall_us	725.0	completion_wall_us	733.4	max_rel	0.042511	nonzero	24576	exact	10
rank	0	round	6	op	1	rows	4	gpu_event_us	713.3	submit_wall_us	705.3	completion_wall_us	715.2	max_rel	0.042511	nonzero	24576	exact	10
rank	3	round	6	op	1	rows	4	gpu_event_us	685.6	submit_wall_us	673.8	completion_wall_us	692.7	max_rel	0.042511	nonzero	24576	exact	10
rank	6	round	6	op	1	rows	4	gpu_event_us	635.4	submit_wall_us	647.0	completion_wall_us	1708.4	max_rel	0.042511	nonzero	24576	exact	10
rank	7	round	6	op	1	rows	4	gpu_event_us	692.2	submit_wall_us	688.7	completion_wall_us	1749.9	max_rel	0.042511	nonzero	24576	exact	10
rank	11	round	6	op	1	rows	4	gpu_event_us	738.7	submit_wall_us	748.5	completion_wall_us	1792.1	max_rel	0.043189	nonzero	24576	exact	10
rank	5	round	6	op	1	rows	4	gpu_event_us	733.2	submit_wall_us	748.2	completion_wall_us	1811.1	max_rel	0.042511	nonzero	24576	exact	10
rank	8	round	6	op	1	rows	4	gpu_event_us	653.0	submit_wall_us	630.4	completion_wall_us	1707.6	max_rel	0.042511	nonzero	24576	exact	10
rank	12	round	6	op	1	rows	4	gpu_event_us	804.2	submit_wall_us	808.8	completion_wall_us	1870.0	max_rel	0.043189	nonzero	24576	exact	10
rank	9	round	6	op	1	rows	4	gpu_event_us	789.3	submit_wall_us	804.3	completion_wall_us	1864.7	max_rel	0.042511	nonzero	24576	exact	10
rank	6	round	7	op	1	rows	8	gpu_event_us	899.4	submit_wall_us	885.3	completion_wall_us	902.8	max_rel	0.041104	nonzero	49152	exact	11
rank	14	round	7	op	1	rows	8	gpu_event_us	1180.2	submit_wall_us	1163.2	completion_wall_us	1184.1	max_rel	0.043189	nonzero	49152	exact	11
rank	4	round	7	op	1	rows	8	gpu_event_us	1044.7	submit_wall_us	1038.7	completion_wall_us	1050.0	max_rel	0.041162	nonzero	49152	exact	11
rank	9	round	7	op	1	rows	8	gpu_event_us	1023.9	submit_wall_us	1011.0	completion_wall_us	1029.7	max_rel	0.041162	nonzero	49152	exact	11
rank	0	round	7	op	1	rows	8	gpu_event_us	1005.7	submit_wall_us	991.0	completion_wall_us	1009.1	max_rel	0.041162	nonzero	49152	exact	11
rank	2	round	7	op	1	rows	8	gpu_event_us	1111.6	submit_wall_us	1092.2	completion_wall_us	1117.6	max_rel	0.041162	nonzero	49152	exact	11
rank	1	round	7	op	1	rows	8	gpu_event_us	956.8	submit_wall_us	947.8	completion_wall_us	959.8	max_rel	0.041162	nonzero	49152	exact	11
rank	5	round	7	op	1	rows	8	gpu_event_us	1255.4	submit_wall_us	1240.0	completion_wall_us	1260.4	max_rel	0.041162	nonzero	49152	exact	11
rank	8	round	7	op	1	rows	8	gpu_event_us	1034.3	submit_wall_us	1013.2	completion_wall_us	1036.1	max_rel	0.041162	nonzero	49152	exact	11
rank	15	round	7	op	1	rows	8	gpu_event_us	964.6	submit_wall_us	950.2	completion_wall_us	968.8	max_rel	0.041706	nonzero	49152	exact	11
rank	10	round	7	op	1	rows	8	gpu_event_us	699.5	submit_wall_us	611.3	completion_wall_us	1755.3	max_rel	0.043189	nonzero	49152	exact	11
rank	11	round	7	op	1	rows	8	gpu_event_us	956.5	submit_wall_us	953.8	completion_wall_us	1986.5	max_rel	0.041162	nonzero	49152	exact	11
rank	12	round	7	op	1	rows	8	gpu_event_us	958.8	submit_wall_us	947.8	completion_wall_us	1993.1	max_rel	0.041162	nonzero	49152	exact	11
rank	3	round	7	op	1	rows	8	gpu_event_us	1268.6	submit_wall_us	1260.6	completion_wall_us	2324.6	max_rel	0.041162	nonzero	49152	exact	11
rank	7	round	7	op	1	rows	8	gpu_event_us	1214.3	submit_wall_us	1190.9	completion_wall_us	2275.3	max_rel	0.041104	nonzero	49152	exact	11
rank	13	round	7	op	1	rows	8	gpu_event_us	1286.2	submit_wall_us	1276.9	completion_wall_us	2342.2	max_rel	0.041162	nonzero	49152	exact	11
rank	9	round	8	op	1	rows	1	gpu_event_us	1310.1	submit_wall_us	1294.0	completion_wall_us	1315.2	max_rel	0.040201	nonzero	6144	exact	0
rank	1	round	8	op	1	rows	1	gpu_event_us	1500.6	submit_wall_us	1490.2	completion_wall_us	1501.8	max_rel	0.040629	nonzero	6144	exact	0
rank	15	round	8	op	1	rows	1	gpu_event_us	1498.3	submit_wall_us	1486.8	completion_wall_us	1502.5	max_rel	0.043478	nonzero	6144	exact	0
rank	4	round	8	op	1	rows	1	gpu_event_us	1763.6	submit_wall_us	1753.7	completion_wall_us	1770.2	max_rel	0.040201	nonzero	6144	exact	0
rank	2	round	8	op	1	rows	1	gpu_event_us	1775.8	submit_wall_us	1762.5	completion_wall_us	1779.6	max_rel	0.040629	nonzero	6144	exact	0
rank	13	round	8	op	1	rows	1	gpu_event_us	1414.0	submit_wall_us	1407.7	completion_wall_us	1416.3	max_rel	0.040201	nonzero	6144	exact	0
rank	8	round	8	op	1	rows	1	gpu_event_us	1424.6	submit_wall_us	1406.7	completion_wall_us	1425.0	max_rel	0.040201	nonzero	6144	exact	0
rank	10	round	8	op	1	rows	1	gpu_event_us	1004.3	submit_wall_us	984.6	completion_wall_us	2020.1	max_rel	0.040629	nonzero	6144	exact	0
rank	5	round	8	op	1	rows	1	gpu_event_us	1201.9	submit_wall_us	1193.6	completion_wall_us	2260.6	max_rel	0.040201	nonzero	6144	exact	0
rank	11	round	8	op	1	rows	1	gpu_event_us	1458.8	submit_wall_us	1445.7	completion_wall_us	2509.3	max_rel	0.043478	nonzero	6144	exact	0
rank	14	round	8	op	1	rows	1	gpu_event_us	1507.4	submit_wall_us	1498.3	completion_wall_us	2565.6	max_rel	0.040629	nonzero	6144	exact	0
rank	12	round	8	op	1	rows	1	gpu_event_us	1486.0	submit_wall_us	1471.2	completion_wall_us	2534.1	max_rel	0.043478	nonzero	6144	exact	0
rank	7	round	8	op	1	rows	1	gpu_event_us	1472.0	submit_wall_us	1466.4	completion_wall_us	2531.8	max_rel	0.040629	nonzero	6144	exact	0
rank	0	round	8	op	1	rows	1	gpu_event_us	1495.1	submit_wall_us	1485.1	completion_wall_us	2548.0	max_rel	0.040629	nonzero	6144	exact	0
rank	3	round	8	op	1	rows	1	gpu_event_us	2005.0	submit_wall_us	1983.0	completion_wall_us	3068.8	max_rel	0.040629	nonzero	6144	exact	0
rank	6	round	8	op	1	rows	1	gpu_event_us	2055.8	submit_wall_us	2028.7	completion_wall_us	3114.7	max_rel	0.040629	nonzero	6144	exact	0
rank	9	round	9	op	1	rows	2	gpu_event_us	1572.9	submit_wall_us	1565.5	completion_wall_us	1576.3	max_rel	0.041257	nonzero	12288	exact	8
rank	15	round	9	op	1	rows	2	gpu_event_us	758.3	submit_wall_us	582.0	completion_wall_us	772.6	max_rel	0.041257	nonzero	12288	exact	8
rank	7	round	9	op	1	rows	2	gpu_event_us	1691.5	submit_wall_us	1686.4	completion_wall_us	1694.3	max_rel	0.041257	nonzero	12288	exact	8
rank	0	round	9	op	1	rows	2	gpu_event_us	1784.8	submit_wall_us	1782.6	completion_wall_us	1792.2	max_rel	0.041257	nonzero	12288	exact	8
rank	14	round	9	op	1	rows	2	gpu_event_us	1704.3	submit_wall_us	1693.1	completion_wall_us	1709.3	max_rel	0.041257	nonzero	12288	exact	8
rank	8	round	9	op	1	rows	2	gpu_event_us	1630.7	submit_wall_us	1590.1	completion_wall_us	1634.7	max_rel	0.041257	nonzero	12288	exact	8
rank	10	round	9	op	1	rows	2	gpu_event_us	1756.5	submit_wall_us	1740.6	completion_wall_us	1758.4	max_rel	0.041257	nonzero	12288	exact	8
rank	11	round	9	op	1	rows	2	gpu_event_us	1745.5	submit_wall_us	1732.6	completion_wall_us	1750.0	max_rel	0.040201	nonzero	12288	exact	8
rank	2	round	9	op	1	rows	2	gpu_event_us	1835.6	submit_wall_us	1753.8	completion_wall_us	1839.0	max_rel	0.041257	nonzero	12288	exact	8
rank	13	round	9	op	1	rows	2	gpu_event_us	1796.8	submit_wall_us	1790.3	completion_wall_us	1798.6	max_rel	0.040201	nonzero	12288	exact	8
rank	12	round	9	op	1	rows	2	gpu_event_us	1790.5	submit_wall_us	1777.8	completion_wall_us	1795.6	max_rel	0.041257	nonzero	12288	exact	8
rank	6	round	9	op	1	rows	2	gpu_event_us	1940.9	submit_wall_us	1838.7	completion_wall_us	1944.0	max_rel	0.041257	nonzero	12288	exact	8
rank	4	round	9	op	1	rows	2	gpu_event_us	1460.5	submit_wall_us	1455.3	completion_wall_us	2518.9	max_rel	0.041257	nonzero	12288	exact	8
rank	3	round	9	op	1	rows	2	gpu_event_us	1351.7	submit_wall_us	1338.1	completion_wall_us	2407.6	max_rel	0.041257	nonzero	12288	exact	8
rank	5	round	9	op	1	rows	2	gpu_event_us	1402.6	submit_wall_us	1397.3	completion_wall_us	2461.6	max_rel	0.041257	nonzero	12288	exact	8
rank	1	round	9	op	1	rows	2	gpu_event_us	1923.4	submit_wall_us	1904.8	completion_wall_us	2980.6	max_rel	0.041257	nonzero	12288	exact	8
rank	10	round	10	op	1	rows	4	gpu_event_us	1131.7	submit_wall_us	1042.2	completion_wall_us	1147.8	max_rel	0.041885	nonzero	24576	exact	9
rank	15	round	10	op	1	rows	4	gpu_event_us	1154.8	submit_wall_us	1082.0	completion_wall_us	1165.7	max_rel	0.041571	nonzero	24576	exact	9
rank	5	round	10	op	1	rows	4	gpu_event_us	1157.7	submit_wall_us	1106.8	completion_wall_us	1163.6	max_rel	0.043478	nonzero	24576	exact	9
rank	9	round	10	op	1	rows	4	gpu_event_us	1190.8	submit_wall_us	1087.2	completion_wall_us	1194.0	max_rel	0.043478	nonzero	24576	exact	9
rank	13	round	10	op	1	rows	4	gpu_event_us	1141.5	submit_wall_us	1070.1	completion_wall_us	1145.5	max_rel	0.043478	nonzero	24576	exact	9
rank	4	round	10	op	1	rows	4	gpu_event_us	1183.0	submit_wall_us	1092.8	completion_wall_us	1186.7	max_rel	0.043478	nonzero	24576	exact	9
rank	2	round	10	op	1	rows	4	gpu_event_us	1136.8	submit_wall_us	1095.8	completion_wall_us	1138.4	max_rel	0.043478	nonzero	24576	exact	9
rank	8	round	10	op	1	rows	4	gpu_event_us	1139.5	submit_wall_us	1034.7	completion_wall_us	1140.2	max_rel	0.043478	nonzero	24576	exact	9
rank	6	round	10	op	1	rows	4	gpu_event_us	1429.9	submit_wall_us	1422.0	completion_wall_us	1434.0	max_rel	0.041885	nonzero	24576	exact	9
rank	12	round	10	op	1	rows	4	gpu_event_us	1458.3	submit_wall_us	1359.7	completion_wall_us	1463.5	max_rel	0.043478	nonzero	24576	exact	9
rank	1	round	10	op	1	rows	4	gpu_event_us	1174.2	submit_wall_us	1084.0	completion_wall_us	2231.3	max_rel	0.043478	nonzero	24576	exact	9
rank	14	round	10	op	1	rows	4	gpu_event_us	1166.6	submit_wall_us	1095.7	completion_wall_us	2212.0	max_rel	0.041885	nonzero	24576	exact	9
rank	7	round	10	op	1	rows	4	gpu_event_us	1162.9	submit_wall_us	1137.7	completion_wall_us	2223.8	max_rel	0.041885	nonzero	24576	exact	9
rank	11	round	10	op	1	rows	4	gpu_event_us	1151.7	submit_wall_us	1091.1	completion_wall_us	2213.0	max_rel	0.041571	nonzero	24576	exact	9
rank	0	round	10	op	1	rows	4	gpu_event_us	1221.5	submit_wall_us	1160.7	completion_wall_us	2277.4	max_rel	0.043478	nonzero	24576	exact	9
rank	3	round	10	op	1	rows	4	gpu_event_us	1311.4	submit_wall_us	1237.5	completion_wall_us	2377.7	max_rel	0.043478	nonzero	24576	exact	9
rank	15	round	11	op	1	rows	8	gpu_event_us	796.9	submit_wall_us	776.9	completion_wall_us	800.4	max_rel	0.043478	nonzero	49152	exact	11
rank	13	round	11	op	1	rows	8	gpu_event_us	1196.6	submit_wall_us	1183.5	completion_wall_us	1199.6	max_rel	0.041885	nonzero	49152	exact	11
rank	3	round	11	op	1	rows	8	gpu_event_us	945.5	submit_wall_us	914.5	completion_wall_us	946.9	max_rel	0.041885	nonzero	49152	exact	11
rank	2	round	11	op	1	rows	8	gpu_event_us	1156.7	submit_wall_us	1104.1	completion_wall_us	1160.6	max_rel	0.041885	nonzero	49152	exact	11
rank	9	round	11	op	1	rows	8	gpu_event_us	1424.9	submit_wall_us	1259.3	completion_wall_us	1428.7	max_rel	0.041885	nonzero	49152	exact	11
rank	5	round	11	op	1	rows	8	gpu_event_us	1217.1	submit_wall_us	1207.9	completion_wall_us	1220.4	max_rel	0.041885	nonzero	49152	exact	11
rank	10	round	11	op	1	rows	8	gpu_event_us	1197.6	submit_wall_us	1076.6	completion_wall_us	2253.7	max_rel	0.041885	nonzero	49152	exact	11
rank	1	round	11	op	1	rows	8	gpu_event_us	1215.4	submit_wall_us	1179.4	completion_wall_us	2269.6	max_rel	0.041885	nonzero	49152	exact	11
rank	7	round	11	op	1	rows	8	gpu_event_us	1189.6	submit_wall_us	1159.1	completion_wall_us	2244.2	max_rel	0.041885	nonzero	49152	exact	11
rank	0	round	11	op	1	rows	8	gpu_event_us	1219.8	submit_wall_us	1180.1	completion_wall_us	2277.2	max_rel	0.041885	nonzero	49152	exact	11
rank	14	round	11	op	1	rows	8	gpu_event_us	1191.4	submit_wall_us	1128.6	completion_wall_us	2247.2	max_rel	0.041885	nonzero	49152	exact	11
rank	12	round	11	op	1	rows	8	gpu_event_us	1118.9	submit_wall_us	1006.7	completion_wall_us	2151.7	max_rel	0.043478	nonzero	49152	exact	11
rank	11	round	11	op	1	rows	8	gpu_event_us	1172.1	submit_wall_us	1081.0	completion_wall_us	2229.6	max_rel	0.043478	nonzero	49152	exact	11
rank	4	round	11	op	1	rows	8	gpu_event_us	1168.4	submit_wall_us	1090.1	completion_wall_us	2225.4	max_rel	0.041885	nonzero	49152	exact	11
rank	8	round	11	op	1	rows	8	gpu_event_us	1163.9	submit_wall_us	1140.7	completion_wall_us	2226.9	max_rel	0.041885	nonzero	49152	exact	11
rank	6	round	11	op	1	rows	8	gpu_event_us	1422.1	submit_wall_us	1308.2	completion_wall_us	2476.0	max_rel	0.041885	nonzero	49152	exact	11
rank	12	round	12	op	2	rows	8	gpu_event_us	980.8	submit_wall_us	969.2	completion_wall_us	977.9	max_rel	0.000000	nonzero	8	exact	0
rank	14	round	12	op	2	rows	8	gpu_event_us	1091.8	submit_wall_us	1082.7	completion_wall_us	1096.9	max_rel	0.000000	nonzero	8	exact	0
rank	15	round	12	op	2	rows	8	gpu_event_us	1197.3	submit_wall_us	1182.5	completion_wall_us	1200.2	max_rel	0.000000	nonzero	8	exact	0
rank	10	round	12	op	2	rows	8	gpu_event_us	1061.9	submit_wall_us	1049.6	completion_wall_us	1069.0	max_rel	0.000000	nonzero	8	exact	0
rank	13	round	12	op	2	rows	8	gpu_event_us	1096.3	submit_wall_us	1088.2	completion_wall_us	1098.8	max_rel	0.000000	nonzero	8	exact	0
rank	5	round	12	op	2	rows	8	gpu_event_us	1120.4	submit_wall_us	1114.3	completion_wall_us	1121.0	max_rel	0.000000	nonzero	8	exact	0
rank	6	round	12	op	2	rows	8	gpu_event_us	1521.3	submit_wall_us	1507.9	completion_wall_us	1524.4	max_rel	0.000000	nonzero	8	exact	0
rank	3	round	12	op	2	rows	8	gpu_event_us	698.5	submit_wall_us	687.7	completion_wall_us	1752.0	max_rel	0.000000	nonzero	8	exact	0
rank	7	round	12	op	2	rows	8	gpu_event_us	999.4	submit_wall_us	991.9	completion_wall_us	2052.7	max_rel	0.000000	nonzero	8	exact	0
rank	0	round	12	op	2	rows	8	gpu_event_us	1082.2	submit_wall_us	1076.4	completion_wall_us	2137.9	max_rel	0.000000	nonzero	8	exact	0
rank	1	round	12	op	2	rows	8	gpu_event_us	1104.0	submit_wall_us	1093.1	completion_wall_us	2135.1	max_rel	0.000000	nonzero	8	exact	0
rank	9	round	12	op	2	rows	8	gpu_event_us	1059.8	submit_wall_us	1051.8	completion_wall_us	2118.9	max_rel	0.000000	nonzero	8	exact	0
rank	11	round	12	op	2	rows	8	gpu_event_us	1145.1	submit_wall_us	1134.4	completion_wall_us	2194.5	max_rel	0.000000	nonzero	8	exact	0
rank	4	round	12	op	2	rows	8	gpu_event_us	1175.9	submit_wall_us	1166.4	completion_wall_us	2229.5	max_rel	0.000000	nonzero	8	exact	0
rank	8	round	12	op	2	rows	8	gpu_event_us	1161.9	submit_wall_us	1151.1	completion_wall_us	2213.8	max_rel	0.000000	nonzero	8	exact	0
rank	2	round	12	op	2	rows	8	gpu_event_us	1577.9	submit_wall_us	1569.1	completion_wall_us	2637.1	max_rel	0.000000	nonzero	8	exact	0
rank	13	round	13	op	2	rows	8	gpu_event_us	1501.5	submit_wall_us	1395.1	completion_wall_us	1503.2	max_rel	0.000000	nonzero	8	exact	0
rank	10	round	13	op	2	rows	8	gpu_event_us	1358.2	submit_wall_us	1298.6	completion_wall_us	1361.5	max_rel	0.000000	nonzero	8	exact	0
rank	9	round	13	op	2	rows	8	gpu_event_us	1502.8	submit_wall_us	1406.2	completion_wall_us	1505.3	max_rel	0.000000	nonzero	8	exact	0
rank	2	round	13	op	2	rows	8	gpu_event_us	1541.2	submit_wall_us	1466.4	completion_wall_us	1544.5	max_rel	0.000000	nonzero	8	exact	0
rank	5	round	13	op	2	rows	8	gpu_event_us	1371.0	submit_wall_us	1276.3	completion_wall_us	1374.1	max_rel	0.000000	nonzero	8	exact	0
rank	12	round	13	op	2	rows	8	gpu_event_us	1659.6	submit_wall_us	1602.0	completion_wall_us	1660.3	max_rel	0.000000	nonzero	8	exact	0
rank	3	round	13	op	2	rows	8	gpu_event_us	1660.4	submit_wall_us	1578.6	completion_wall_us	1663.3	max_rel	0.000000	nonzero	8	exact	0
rank	6	round	13	op	2	rows	8	gpu_event_us	1838.8	submit_wall_us	1819.3	completion_wall_us	1841.4	max_rel	0.000000	nonzero	8	exact	0
rank	4	round	13	op	2	rows	8	gpu_event_us	1559.7	submit_wall_us	1542.5	completion_wall_us	1561.7	max_rel	0.000000	nonzero	8	exact	0
rank	8	round	13	op	2	rows	8	gpu_event_us	1377.2	submit_wall_us	1323.5	completion_wall_us	1380.4	max_rel	0.000000	nonzero	8	exact	0
rank	11	round	13	op	2	rows	8	gpu_event_us	1369.9	submit_wall_us	1270.6	completion_wall_us	2414.7	max_rel	0.000000	nonzero	8	exact	0
rank	0	round	13	op	2	rows	8	gpu_event_us	1181.8	submit_wall_us	1098.6	completion_wall_us	2237.7	max_rel	0.000000	nonzero	8	exact	0
rank	15	round	13	op	2	rows	8	gpu_event_us	1525.7	submit_wall_us	1438.5	completion_wall_us	2581.2	max_rel	0.000000	nonzero	8	exact	0
rank	1	round	13	op	2	rows	8	gpu_event_us	1634.5	submit_wall_us	1565.8	completion_wall_us	2667.2	max_rel	0.000000	nonzero	8	exact	0
rank	14	round	13	op	2	rows	8	gpu_event_us	1407.6	submit_wall_us	1360.9	completion_wall_us	2463.1	max_rel	0.000000	nonzero	8	exact	0
rank	7	round	13	op	2	rows	8	gpu_event_us	1469.3	submit_wall_us	1335.3	completion_wall_us	2524.9	max_rel	0.000000	nonzero	8	exact	0
rank	5	round	14	op	2	rows	8	gpu_event_us	994.9	submit_wall_us	986.7	completion_wall_us	995.4	max_rel	0.000000	nonzero	8	exact	0
rank	12	round	14	op	2	rows	8	gpu_event_us	936.0	submit_wall_us	928.3	completion_wall_us	943.2	max_rel	0.000000	nonzero	8	exact	0
rank	10	round	14	op	2	rows	8	gpu_event_us	776.5	submit_wall_us	761.4	completion_wall_us	780.1	max_rel	0.000000	nonzero	8	exact	0
rank	8	round	14	op	2	rows	8	gpu_event_us	807.6	submit_wall_us	804.6	completion_wall_us	815.0	max_rel	0.000000	nonzero	8	exact	0
rank	14	round	14	op	2	rows	8	gpu_event_us	988.0	submit_wall_us	982.1	completion_wall_us	990.3	max_rel	0.000000	nonzero	8	exact	0
rank	2	round	14	op	2	rows	8	gpu_event_us	1019.8	submit_wall_us	1015.9	completion_wall_us	1025.2	max_rel	0.000000	nonzero	8	exact	0
rank	13	round	14	op	2	rows	8	gpu_event_us	1027.9	submit_wall_us	1019.8	completion_wall_us	1030.4	max_rel	0.000000	nonzero	8	exact	0
rank	1	round	14	op	2	rows	8	gpu_event_us	1099.1	submit_wall_us	1081.1	completion_wall_us	1102.1	max_rel	0.000000	nonzero	8	exact	0
rank	0	round	14	op	2	rows	8	gpu_event_us	1154.2	submit_wall_us	1130.7	completion_wall_us	1165.1	max_rel	0.000000	nonzero	8	exact	0
rank	3	round	14	op	2	rows	8	gpu_event_us	1097.1	submit_wall_us	1090.5	completion_wall_us	1101.4	max_rel	0.000000	nonzero	8	exact	0
rank	9	round	14	op	2	rows	8	gpu_event_us	955.7	submit_wall_us	950.9	completion_wall_us	2016.9	max_rel	0.000000	nonzero	8	exact	0
rank	11	round	14	op	2	rows	8	gpu_event_us	950.2	submit_wall_us	945.7	completion_wall_us	2006.2	max_rel	0.000000	nonzero	8	exact	0
rank	6	round	14	op	2	rows	8	gpu_event_us	974.4	submit_wall_us	971.0	completion_wall_us	2033.7	max_rel	0.000000	nonzero	8	exact	0
rank	4	round	14	op	2	rows	8	gpu_event_us	818.9	submit_wall_us	811.8	completion_wall_us	1874.8	max_rel	0.000000	nonzero	8	exact	0
rank	7	round	14	op	2	rows	8	gpu_event_us	1210.1	submit_wall_us	1201.9	completion_wall_us	2274.6	max_rel	0.000000	nonzero	8	exact	0
rank	15	round	14	op	2	rows	8	gpu_event_us	1231.0	submit_wall_us	1222.7	completion_wall_us	2267.7	max_rel	0.000000	nonzero	8	exact	0
rank	12	round	15	op	2	rows	8	gpu_event_us	1158.3	submit_wall_us	1152.4	completion_wall_us	1160.7	max_rel	0.000000	nonzero	8	exact	0
rank	2	round	15	op	2	rows	8	gpu_event_us	1222.4	submit_wall_us	1205.1	completion_wall_us	1226.6	max_rel	0.000000	nonzero	8	exact	0
rank	7	round	15	op	2	rows	8	gpu_event_us	1286.8	submit_wall_us	1279.4	completion_wall_us	1290.4	max_rel	0.000000	nonzero	8	exact	0
rank	0	round	15	op	2	rows	8	gpu_event_us	887.1	submit_wall_us	871.0	completion_wall_us	888.6	max_rel	0.000000	nonzero	8	exact	0
rank	15	round	15	op	2	rows	8	gpu_event_us	1197.2	submit_wall_us	1186.7	completion_wall_us	1197.4	max_rel	0.000000	nonzero	8	exact	0
rank	1	round	15	op	2	rows	8	gpu_event_us	1379.6	submit_wall_us	1354.1	completion_wall_us	1386.0	max_rel	0.000000	nonzero	8	exact	0
rank	3	round	15	op	2	rows	8	gpu_event_us	1255.8	submit_wall_us	1229.2	completion_wall_us	1258.3	max_rel	0.000000	nonzero	8	exact	0
rank	13	round	15	op	2	rows	8	gpu_event_us	1311.1	submit_wall_us	1289.2	completion_wall_us	1313.3	max_rel	0.000000	nonzero	8	exact	0
rank	10	round	15	op	2	rows	8	gpu_event_us	1554.7	submit_wall_us	1533.2	completion_wall_us	1555.7	max_rel	0.000000	nonzero	8	exact	0
rank	5	round	15	op	2	rows	8	gpu_event_us	1474.8	submit_wall_us	1465.0	completion_wall_us	1477.0	max_rel	0.000000	nonzero	8	exact	0
rank	8	round	15	op	2	rows	8	gpu_event_us	1148.8	submit_wall_us	1142.4	completion_wall_us	1152.3	max_rel	0.000000	nonzero	8	exact	0
rank	4	round	15	op	2	rows	8	gpu_event_us	1552.4	submit_wall_us	1535.5	completion_wall_us	1554.6	max_rel	0.000000	nonzero	8	exact	0
rank	6	round	15	op	2	rows	8	gpu_event_us	1165.5	submit_wall_us	1156.0	completion_wall_us	2221.4	max_rel	0.000000	nonzero	8	exact	0
rank	11	round	15	op	2	rows	8	gpu_event_us	1216.9	submit_wall_us	1207.5	completion_wall_us	2273.7	max_rel	0.000000	nonzero	8	exact	0
rank	14	round	15	op	2	rows	8	gpu_event_us	1209.4	submit_wall_us	1195.7	completion_wall_us	2259.8	max_rel	0.000000	nonzero	8	exact	0
rank	9	round	15	op	2	rows	8	gpu_event_us	1293.5	submit_wall_us	1285.6	completion_wall_us	2350.1	max_rel	0.000000	nonzero	8	exact	0
