Time (%),Total Time (ns),Instances,Avg (ns),Med (ns),Min (ns),Max (ns),StdDev (ns),Name
27.1,163158193,5460,29882.5,19072.0,5760,160512,22063.9,"void LmSkinnyKernel<LmBf16Format, (unsigned int)32, (unsigned int)1, (unsigned int)1>(LmSkinnyArguments)"
10.4,62585438,2340,26745.9,24320.0,13760,79936,10419.9,"Glm5NextHcSiteKernel(const unsigned short *, const float *, const float *, const float *, float *, float *, float *, float *, unsigned short *, unsigned short *)"
9.3,55793886,1092,51093.3,49328.0,35712,130592,10745.1,"void LmSkinnyKernel<LmFp8, (unsigned int)32, (unsigned int)1, (unsigned int)1>(LmSkinnyArguments)"
6.4,38766685,858,45182.6,43456.0,14784,116928,20201.8,"void LmSkinnyKernel<LmBf16Format, (unsigned int)32, (unsigned int)1, (unsigned int)2>(LmSkinnyArguments)"
5.3,31785181,286,111137.0,112016.0,77792,186112,24101.7,"void LmLatentAttentionDecodeSplitKernel<Glm5NextKv, (unsigned int)256, (unsigned int)512, (unsigned int)0>(const unsigned short *, const unsigned short *, LmKvView, const unsigned int *, const unsigned int *, const unsigned int *, unsigned int, unsigned int, unsigned int, float, float *, const unsigned int *)"
5.1,31027328,26,1193358.8,1159184.0,847840,1543616,208272.7,"void LmHeadCandidateKernel<(unsigned int)256, (unsigned int)128>(const unsigned short *, const unsigned short *, const unsigned int *, float *, unsigned int *, unsigned int, unsigned int, unsigned int)"
4.8,29177759,1092,26719.6,24752.0,19424,63392,6336.7,"void LmSkinnyKernel<LmFp8, (unsigned int)8, (unsigned int)1, (unsigned int)8>(LmSkinnyArguments)"
4.5,26828316,962,27888.1,24512.0,18080,81664,9783.1,"void LmSkinnyKernel<LmBf16Format, (unsigned int)32, (unsigned int)1, (unsigned int)4>(LmSkinnyArguments)"
3.6,21837786,2860,7635.6,6528.0,2464,44352,5379.6,"void LmSkinnyKernel<LmBf16Format, (unsigned int)16, (unsigned int)1, (unsigned int)8>(LmSkinnyArguments)"
3.4,20727261,2938,7054.9,5632.0,1632,48320,4394.0,"void LmBf16RmsNormKernel<(unsigned int)256>(const unsigned short *, const unsigned short *, unsigned short *, unsigned int, unsigned int, float)"
3.4,20409182,884,23087.3,20608.0,14208,74912,9556.5,"void LmDeltaRuleKernel<(unsigned int)256, (unsigned int)128, (unsigned int)128, float>(unsigned char *, unsigned int, const unsigned int *, const unsigned int *, const unsigned int *, const unsigned short *, const unsigned short *, const unsigned short *, const float *, const float *, unsigned short *, unsigned int, unsigned int, unsigned int, unsigned int, const unsigned int *)"
2.5,15074880,163,92483.9,4928.0,1472,1900544,344690.0,"RoofFillKernel(void *, unsigned long, unsigned int, unsigned int, float)"
2.3,14020960,1092,12839.7,11360.0,10624,41152,3667.3,"void LmRouteBuildKernel<(unsigned int)256, (unsigned int)288>(const unsigned int *, unsigned int, unsigned int, unsigned int *, unsigned int *, unsigned int *, unsigned int, unsigned int, unsigned int *, unsigned int, unsigned int *)"
1.7,10239545,2652,3861.1,2240.0,1664,32064,2836.9,"void LmCausalConvKernel<(unsigned int)256, (unsigned int)4, (unsigned int)1, unsigned short>(unsigned short *, const unsigned int *, const unsigned int *, const unsigned int *, const unsigned short *, const T4 *, unsigned short *, unsigned int, unsigned int, unsigned int, const unsigned int *)"
1.6,9415934,1092,8622.7,7840.0,5856,41920,3552.1,"void LmTopkWarpKernel<(unsigned int)8, (bool)1, (unsigned int)1>(const float *, unsigned int, unsigned int *, float *, const float *, const unsigned short *, float)"
1.4,8734780,2340,3732.8,2976.0,1728,39328,2756.9,"LmHcPostBf16Kernel(const unsigned short *, const unsigned short *, const float *, const float *, unsigned short *, unsigned int, unsigned int, unsigned int)"
1.4,8296351,286,29008.2,27216.0,12736,90752,13028.7,"void LmPerHeadProjectRowsKernel<(unsigned int)256, (unsigned int)512, (unsigned int)256, (unsigned int)512, (unsigned int)0, (unsigned int)4>(const unsigned short *, const unsigned short *, unsigned short *, unsigned int, unsigned int)"
0.9,5454048,286,19070.1,16832.0,6784,62304,9432.7,"void LmPerHeadProjectRowsKernel<(unsigned int)256, (unsigned int)256, (unsigned int)512, (unsigned int)256, (unsigned int)0, (unsigned int)4>(const unsigned short *, const unsigned short *, unsigned short *, unsigned int, unsigned int)"
0.7,4509407,2262,1993.5,1120.0,928,26592,1674.1,"void LmClampedUpGateKernel<(unsigned int)256>(const unsigned short *, unsigned short *, unsigned int, float)"
0.6,3608158,1092,3304.2,2656.0,1184,19392,2276.1,"void LmMoeFinalizeKernel<(unsigned int)256>(const unsigned short *, const unsigned int *, const float *, unsigned short *, unsigned int, unsigned int, unsigned int)"
0.5,3165695,884,3581.1,2592.0,2080,23296,2346.0,"void Glm5NextSplitFusedProjectionsKernel<(unsigned int)256>(const unsigned short *, unsigned short *, unsigned short *, unsigned short *, unsigned short *, unsigned int, unsigned int, unsigned int, unsigned int, unsigned int)"
0.4,2557823,1092,2342.3,1152.0,832,16960,2055.2,"void LmAddRowsKernel<(unsigned int)256>(const unsigned short *, const unsigned short *, unsigned short *, unsigned int, unsigned int)"
0.4,2544607,884,2878.5,1760.0,1376,15328,1829.5,"void LmRmsNormSigmoidGateKernel<(unsigned int)256>(const unsigned short *, const unsigned short *, const float *, unsigned short *, unsigned int, float)"
0.4,2209692,884,2499.7,1648.0,960,21440,2061.3,"void LmBoundedDecayKernel<(unsigned int)256, (unsigned int)128>(const unsigned short *, const float *, const float *, float *, unsigned int, float, unsigned int)"
0.3,1625886,884,1839.2,992.0,864,24256,1887.5,"void Glm5NextSplitDecayGateDownKernel<(unsigned int)256, (unsigned int)128>(const unsigned short *, unsigned short *, unsigned short *, unsigned int)"
0.3,1613183,884,1824.9,1216.0,960,30336,1646.8,"void LmBf16SigmoidRowsKernel<(unsigned int)256>(const unsigned short *, float *, unsigned int)"
0.2,1499902,884,1696.7,992.0,832,13856,1319.1,"void LmCopyRowsKernel<(unsigned int)256>(const unsigned short *, unsigned short *, unsigned int, unsigned int)"
0.2,1443006,286,5045.5,3872.0,2432,39424,3952.0,"void LmLatentAttentionDecodeSplitCombineKernel<(unsigned int)256, (unsigned int)512>(const float *, unsigned short *, unsigned int, unsigned int)"
0.2,1322078,286,4622.7,3680.0,1568,29568,3271.1,"void LmKvStoreKernel<Glm5NextIndexKv, (unsigned int)256>(LmKvView, const unsigned short *, const unsigned int *, const unsigned int *, unsigned int, unsigned int)"
0.2,1222432,286,4274.2,3456.0,2016,23200,2511.6,"void LmKvStoreKernel<Glm5NextKv, (unsigned int)256>(LmKvView, const unsigned short *, const unsigned int *, const unsigned int *, unsigned int, unsigned int)"
0.1,807072,286,2821.9,1904.0,1440,15232,2012.8,"void LmLayerNormKernel<(unsigned int)256, unsigned short>(const unsigned short *, const T2 *, const T2 *, unsigned short *, unsigned int, unsigned int, float)"
0.1,557408,286,1949.0,1120.0,896,10720,1411.5,"void Glm5NextIndexPackKernel<(unsigned int)256>(const unsigned short *, const unsigned short *, unsigned short *, unsigned int)"
0.0,184192,26,7084.3,5728.0,5376,12864,2202.4,"Glm5NextHcHeadMeanKernel(const unsigned short *, unsigned short *, unsigned int, unsigned int, unsigned int)"
0.0,124704,26,4796.3,3936.0,1472,15968,3397.5,"SparkGlm5NextBoundaryLoadKernel(const unsigned short *, unsigned short *, unsigned long, unsigned int)"
0.0,111744,26,4297.8,3904.0,1728,10592,2455.9,"SparkGlm5NextWaveMetadataKernel(const unsigned int *, const unsigned int *, unsigned int *, unsigned int *, unsigned int)"
0.0,83232,26,3201.2,2752.0,2080,4896,892.6,"void LmHeadCommitKernel<(unsigned int)256>(const float *, const unsigned int *, unsigned int, unsigned int *, float *, unsigned int)"
0.0,61248,26,2355.7,1888.0,1184,5120,1159.9,"SparkGlm5NextHeadMaxlocPackKernel(const float *, const unsigned int *, unsigned long *, unsigned int, unsigned int)"
0.0,52320,26,2012.3,1088.0,864,9792,2019.9,"SparkGlm5NextKdaResetKernel(unsigned char *, unsigned long, unsigned long, unsigned char *, unsigned char *, unsigned char *, unsigned long, unsigned long, unsigned long, const unsigned int *, const unsigned int *, unsigned int, unsigned int)"
